11,6,great
17,6,just so so
3,11,Dude, that's a shark
4,12,Dude, that's a shark
2,13,Kittens are dumb
1,14,Hey, that's me
5,15,So huge
1,24,GREAT PHOTO
1,39,Beautiful
19,40,So cold
11,41,India is beautiful
14,42,Thai manne vanakkam
7,43,Was an awesome experience
10,43,Loved it
17,43,Bucketlist done!!
23,44,I really wish I can go to Penn someday!
3,45,What an amazing scenery!
1,49,Pink Lady
3,49,Great pic
4,49,Great pic
5,49,Great pic
6,49,Great pic
2,50,Pinkman
7,50,Great pic
8,50,Great pic
9,50,Great pic
10,50,Great pic
11,51,Great pic
12,51,Great pic
13,51,Great pic
15,51,Great pic
16,52,Great pic
17,52,Great pic
20,52,Great pic
21,53,Great pic
22,53,Great pic
23,53,Great pic
24,53,Great pic
25,53,Great pic
1,58,That video Blows
20,60,Stouffer-Mayer is a very cool place to live.
8000,64,a comment
8050,65,a comment
7040,66,a comment
5062,67,a comment
6035,67,a comment
1,69,Good pics but a lot are blurry
0,70,Love the photos!
2,71,Really captured the great moments!
4,74,Cool video
1,76,Awesome pic!
2,77,Lol I look so weird
10,83,love this photo
8,84,love this photo
1,89,Good
1,93,Awesome picture
7,94,Wow!
