1,password,Lawson,Penn
2,password,Goodson,Penn
3,password,Badson,Drexel
4,password,Wasaba,JHU
5,password,Nana,PHD
6,password,Zhouying Fan,Upenn
7,password,Yi Peng,Upenn
8,password,Yan Li,Upenn
9,password,Taorui Cui,Upenn
10,password,Guagua Er,Upenn
11,password,Vinay Londhe,Penn
12,password,Brad Palchesko,Penn
13,password,Sandesh Kumar,Penn
14,password,Pierre Rohel,Penn
15,password,Barack Obama,Penn
16,password,Rohit,Academic
17,password,Rahul,Academic
18,password,Sibi,Academic
19,password,Avinash,Academic
20,password,Rishabh,Academic
21,password,davo,student
22,password,Kevin Mu,Penn
23,password,Flint Mu,Michigan
24,password,Real Kevin Mu,Princeton
25,password,Globe Trotter,Earth
26,password,Nishant Junankar,Penn
27,password,Alexander Kornhauser,Penn
28,password,Test Person,Penn
29,password,David Wright,Penn
30,password,LeBron James,Penn
31,password,Thomas Brady,Penn
32,password,Sterling Archer,Penn
33,password,Minhee Lee,Penn
34,password,Michael Molisani,None
35,password,Max Morant,None
36,password,Rachel Brown,None
37,password,Emily Weiss,None
38,password,Momma Weiss,None
39,password,Andrew Allen,Penn
40,password,Tina Tully,Microsoft
41,password,Kim Kardashian,Google
42,password,Jared Dillon,Autodesk
43,password,Angel Viera,MIT
44,password,Steve Jobs,Apple Inc.
45,password,Bill Gates,Microsoft Inc.
46,password,Larry Pages,Google Inc.
47,password,Peter Thiel,Y Combinator
48,password,Harry Potter,Penn
49,password,richardo,Penn
50,password,vozka,Drexel
51,password,washington,Temple
52,password,lincoln,Memorial
53,password,egg,Penn
54,password,Josh,Penn
55,password,Lexi,Penn
56,password,Robbie,Penn
57,password,Something,Penn
58,password,Test,Penn
59,password,Penn Guamanian Cooking Brigade,PAC
60,password,University Toppah,Chicago
61,password,Jack Mason,Lambda Chi Alpha
62,password,N Eric Cordgren,University Choir
63,password,Paul Mullet,Art Club
64,password,Johnny Appleseed,Explorers Inc.
65,password,Jane Doe,Penn
66,password,John Doe,Princeton
67,password,Adam Sandler,Happy Madison
68,password,George Washington,BlueCoats LLC.
69,password,Brad Pitt,screen actors guild
70,password,Tina Fey,screen actors guild
71,password,Michael Jackson,Jackson5
72,password,Alan Turing,University Of Cambridge
73,password,Colonel Sanders,Kentucky Fried Chicken
74,password,Anh,Penn
75,password,Hua,Penn
76,password,Laura,FSU
77,password,Andre,Ripple
78,password,John,none
79,password,Tom,none
80,password,Derrick,none
81,password,Rose,none
82,password,Rod,none
83,password,Ned Stark,Starks
84,password,Dexter Morgan,Miami
85,password,Jill Hill,Penn
86,password,Charles Xavier,X-men
87,password,Frodo Baggins,Fellowship of the Ring
88,password,David,upenn
89,password,Daniel,hello
90,password,Karl,cmu
91,password,Kate,stanford
92,password,Jessica,Upenn
93,password,Matt Stagitis,Penn
94,password,Patrick Kearney,Penn
95,password,Manashree Damle,Penn
96,password,Vineet Unknown,Penn
97,password,Sanika Fakename,Penn
98,password,Nishant Junankar,Penn
99,password,Alexander Kornhauser,Penn
100,password,Test Person,Penn
101,password,David Wright,Penn
102,password,LeBron James,Penn
103,password,Thomas Brady,Penn
104,password,Sterling Archer,Penn
105,password,Minhee Lee,Penn
